crop,rainfall,temperature,humidity,soil_ph,nitrogen,phosphorus,potassium,yield
Rice,1200,28,80,6.5,90,45,40,4.2
Rice,1100,29,78,6.2,85,42,38,4.0
Rice,1300,27,82,6.7,95,48,45,4.5
Wheat,600,22,60,6.8,70,35,30,3.2
Wheat,550,21,58,6.5,65,32,28,3.0
Wheat,650,23,62,7.0,75,38,32,3.5
Maize,700,25,65,6.3,80,40,35,3.8
Maize,750,26,68,6.5,85,42,38,4.0
Maize,650,24,63,6.1,75,37,32,3.5
Cotton,800,30,55,7.2,60,30,40,2.8
Cotton,850,31,57,7.0,65,32,42,3.0
Cotton,750,29,53,7.3,55,28,38,2.6
Sugarcane,1400,27,75,6.8,100,50,50,7.5
Sugarcane,1500,28,78,6.5,105,52,55,8.0
Sugarcane,1300,26,73,7.0,95,48,48,7.0
Groundnut,500,28,55,6.2,50,25,30,2.2
Groundnut,550,29,58,6.5,55,28,32,2.5
Groundnut,450,27,52,6.0,45,22,28,2.0